{
  "config": {
    "width": 640,
    "height": 360,
    "framerate": 30
  },
  "scenes": [
    {
      "type":"composite",
      "duration_seconds":3,
      "subscenes":
      [
        {
          "x": 0,
          "y": 0,
          "width": 320,
          "height": 360,
          "subscene": {
            "type": "mandelbrot",
            "duration_seconds": 3,
            "center": {
              "real": -0.7925403632943916,
              "imag": 0.16076317715583555,
              "commoncenters": "Complex center(-0.750045367143, -0.004786271734); Complex center(-0.7925403632943916, 0.16076317715583555); Complex center(0.6569488539350342, -0.41280661014731673); Complex center(-0.6612648356278875, 0.4151437869617779); Complex center(-1.315180982097868, 0.073481649996795);"
            },
            "current_zoom": {
              "real": 0.006,
              "imag": 0
            },
            "zoom_multiplier": {
              "real": 0.96,
              "imag": 0.01
            },
            "z": {
              "real": 0,
              "imag": 0
            },
            "x": {
              "real": 0,
              "imag": 0
            },
            "c": {
              "real": 0,
              "imag": 0
            },
            "WhichParameterization": "C"
          }
        },
        {
          "x": 320,
          "y": 0,
          "width": 320,
          "height": 360,
          "subscene": {
            "type": "mandelbrot",
            "duration_seconds": 3,
            "center": {
              "real": -0.7925403632943916,
              "imag": 0.16076317715583555,
              "commoncenters": "Complex center(-0.750045367143, -0.004786271734); Complex center(-0.7925403632943916, 0.16076317715583555); Complex center(0.6569488539350342, -0.41280661014731673); Complex center(-0.6612648356278875, 0.4151437869617779); Complex center(-1.315180982097868, 0.073481649996795);"
            },
            "current_zoom": {
              "real": 0.006,
              "imag": 0
            },
            "zoom_multiplier": {
              "real": 0.96,
              "imag": 0.01
            },
            "z": {
              "real": 0,
              "imag": 0
            },
            "x": {
              "real": 0,
              "imag": 0
            },
            "c": {
              "real": 0,
              "imag": 0
            },
            "WhichParameterization": "X"
          }
        }
      ]
    }
  ]
}